-- phpMyAdmin SQL Dump
-- version 5.2.1
-- https://www.phpmyadmin.net/
--
-- Host: 127.0.0.1
-- Generation Time: Apr 29, 2025 at 12:25 PM
-- Server version: 10.4.32-MariaDB
-- PHP Version: 8.2.12

SET SQL_MODE = "NO_AUTO_VALUE_ON_ZERO";
START TRANSACTION;
SET time_zone = "+00:00";


/*!40101 SET @OLD_CHARACTER_SET_CLIENT=@@CHARACTER_SET_CLIENT */;
/*!40101 SET @OLD_CHARACTER_SET_RESULTS=@@CHARACTER_SET_RESULTS */;
/*!40101 SET @OLD_COLLATION_CONNECTION=@@COLLATION_CONNECTION */;
/*!40101 SET NAMES utf8mb4 */;

--
-- Database: `insurance_app`
--
CREATE DATABASE IF NOT EXISTS `insurance_app` DEFAULT CHARACTER SET utf8mb4 COLLATE utf8mb4_general_ci;
USE `insurance_app`;

-- --------------------------------------------------------

--
-- Table structure for table `event_entity`
--

CREATE TABLE `event_entity` (
  `id` bigint(20) NOT NULL,
  `description` varchar(500) NOT NULL,
  `event_date` datetime NOT NULL,
  `insurance_id` bigint(20) NOT NULL
) ENGINE=InnoDB DEFAULT CHARSET=utf8mb4 COLLATE=utf8mb4_general_ci;

--
-- Dumping data for table `event_entity`
--

INSERT INTO `event_entity` (`id`, `description`, `event_date`, `insurance_id`) VALUES
(1, 'Vytvorenie poistenia pre Peter Horváth', '2025-04-29 10:05:36', 1),
(2, 'Vytvorenie poistenia pre Kristína  Urbanová', '2025-04-29 10:14:06', 2),
(3, 'Vytvorenie poistenia pre Martin Novák', '2025-04-29 10:14:45', 3),
(4, 'Vytvorenie poistenia pre Martin Blažek', '2025-04-29 10:16:15', 4),
(5, 'Vytvorenie poistenia pre Lucia Kováčová', '2025-04-29 10:17:22', 5),
(6, 'Vytvorenie poistenia pre Lucia Kováčová', '2025-04-29 10:19:43', 6),
(7, 'Vytvorenie poistenia pre Ján Hronček', '2025-04-29 11:44:29', 7);

-- --------------------------------------------------------

--
-- Table structure for table `insurance_entity`
--

CREATE TABLE `insurance_entity` (
  `id` bigint(20) NOT NULL,
  `end_date` date DEFAULT NULL,
  `insurance_type` varchar(255) DEFAULT NULL,
  `insured_amount` double DEFAULT NULL,
  `start_date` date DEFAULT NULL,
  `insured_person_id` bigint(20) DEFAULT NULL,
  `policy_holder_id` bigint(20) DEFAULT NULL
) ENGINE=InnoDB DEFAULT CHARSET=utf8mb4 COLLATE=utf8mb4_general_ci;

--
-- Dumping data for table `insurance_entity`
--

INSERT INTO `insurance_entity` (`id`, `end_date`, `insurance_type`, `insured_amount`, `start_date`, `insured_person_id`, `policy_holder_id`) VALUES
(1, '2030-11-29', 'APARTMENT', 15800, '2025-04-29', 3, 7),
(2, '2040-04-29', 'HOUSE', 25900, '2025-04-29', 8, 9),
(3, '2045-04-29', 'PROPERTY', 100987, '2025-04-29', 1, 5),
(4, '2042-04-29', 'LIFE', 150999, '2025-04-29', 4, 11),
(5, '2026-04-29', 'TRAVEL', 3789, '2025-04-29', 2, 6),
(6, '2030-04-29', 'ACCIDENT', 4500, '2025-04-29', 2, 10),
(7, '2027-04-29', 'CAR', 3890, '2025-04-29', 12, 8);

-- --------------------------------------------------------

--
-- Table structure for table `insured_person_entity`
--

CREATE TABLE `insured_person_entity` (
  `id` bigint(20) NOT NULL,
  `age` int(11) NOT NULL,
  `city` varchar(255) DEFAULT NULL,
  `email` varchar(255) NOT NULL,
  `first_name` varchar(255) NOT NULL,
  `last_name` varchar(255) NOT NULL,
  `phone` varchar(255) DEFAULT NULL,
  `postal_code` varchar(255) DEFAULT NULL,
  `street` varchar(255) DEFAULT NULL
) ENGINE=InnoDB DEFAULT CHARSET=utf8mb4 COLLATE=utf8mb4_general_ci;

--
-- Dumping data for table `insured_person_entity`
--

INSERT INTO `insured_person_entity` (`id`, `age`, `city`, `email`, `first_name`, `last_name`, `phone`, `postal_code`, `street`) VALUES
(1, 45, 'Bratislava', 'martinnovak@test.com', 'Martin', 'Novák', '+421 911 234 567', '821 01', 'Hlavná 12'),
(2, 52, 'Košice', 'luciakovacova@test.com', 'Lucia', 'Kováčová', '+421 902 345 678', '040 01', 'Jarná 45'),
(3, 32, 'Žilina', 'peterhorvath@test.com', 'Peter', 'Horváth', '+421 903 456 789', ' 010 01', 'kolská 7/5'),
(4, 45, 'Prešov', 'martinblazek@test.com', 'Martin', 'Blažek', '2546 568 568', '911 05', 'Brezová 227/45'),
(5, 65, 'Trenčín', 'jangregor@test.com', 'Ján', 'Gregor', '+421 915 012 345', '012 35', 'Poľná 358/4'),
(6, 32, 'Trenčín', 'ivanacerna@test.com', 'Ivana', 'Černá', '+421 915 012 345', '911 05', 'Poľná 345/47'),
(7, 25, 'Banská Bystrica', 'barbarakralova@test.com', 'Barbara', 'Kráľová', '+421 904 123 456', '974 01', 'Družstevná 6896/12'),
(8, 23, 'Nitra', 'kristinaurbanova@test.com', 'Kristína ', 'Urbanová', '+421 917 789 012', '911 01', 'Brezová 2258/45'),
(9, 28, 'Košice', 'dominikvarga@test.com', 'Dominik', 'Varga', '+421 944 333 444', '040 15', 'Kvetná 5897/75'),
(10, 36, 'Zvolen', 'michalsvec@test.com', 'Michal', 'Švec', '0907 777 888', '960 01', 'Námestie SNP 1587/36'),
(11, 22, 'Trnava', 'patrikdanis@test.com', 'Patrik', 'Daniš', '0910 555 666', '917 07', 'Tichá 725/8'),
(12, 38, 'Sereď', 'janhroncek@test.com', 'Ján', 'Hronček', '2542 568 924', '568 23', 'Parková 4587/14');

-- --------------------------------------------------------

--
-- Table structure for table `user_entity`
--

CREATE TABLE `user_entity` (
  `user_id` bigint(20) NOT NULL,
  `admin` bit(1) NOT NULL,
  `email` varchar(255) NOT NULL,
  `password` varchar(255) NOT NULL
) ENGINE=InnoDB DEFAULT CHARSET=utf8mb4 COLLATE=utf8mb4_general_ci;

--
-- Dumping data for table `user_entity`
--

INSERT INTO `user_entity` (`user_id`, `admin`, `email`, `password`) VALUES
(1, b'1', 'admin@test.com', '$2a$10$wRc3S1GlJRP1LoLY665eoO9E83G4VTKbfPwKt052wdBdy154VzeQi'),
(2, b'0', 'user@test.com', '$2a$10$ZlanUJQA/8mLIzufZUUXYOIzo92NuWjhXywB7zyJ1tINbJu4EdK/S'),
(3, b'0', 'martinnovak@test.com', '$2a$10$QppP0DXHmbdQi3gwTtaH4usnWn2D5ou6EPKBK8xXxYRbX40XAIxnG'),
(4, b'0', 'luciakovacova@test.com', '$2a$10$qlBDvBekKtm.aRzktupqNujxBWS0G7qmjoyt7L6bmaGNeQBKm8WZ6');

--
-- Indexes for dumped tables
--

--
-- Indexes for table `event_entity`
--
ALTER TABLE `event_entity`
  ADD PRIMARY KEY (`id`),
  ADD KEY `FK3m7tggjp1idedead27qfgm7x3` (`insurance_id`);

--
-- Indexes for table `insurance_entity`
--
ALTER TABLE `insurance_entity`
  ADD PRIMARY KEY (`id`),
  ADD KEY `FKnaytb8gynrnxanwpdsgxbjucm` (`insured_person_id`),
  ADD KEY `FKe05enplpsvdu63sb2nferidss` (`policy_holder_id`);

--
-- Indexes for table `insured_person_entity`
--
ALTER TABLE `insured_person_entity`
  ADD PRIMARY KEY (`id`),
  ADD UNIQUE KEY `UK_borul041hwdwbaq2r70iwkt86` (`email`);

--
-- Indexes for table `user_entity`
--
ALTER TABLE `user_entity`
  ADD PRIMARY KEY (`user_id`),
  ADD UNIQUE KEY `UK_4xad1enskw4j1t2866f7sodrx` (`email`);

--
-- AUTO_INCREMENT for dumped tables
--

--
-- AUTO_INCREMENT for table `event_entity`
--
ALTER TABLE `event_entity`
  MODIFY `id` bigint(20) NOT NULL AUTO_INCREMENT, AUTO_INCREMENT=8;

--
-- AUTO_INCREMENT for table `insurance_entity`
--
ALTER TABLE `insurance_entity`
  MODIFY `id` bigint(20) NOT NULL AUTO_INCREMENT, AUTO_INCREMENT=8;

--
-- AUTO_INCREMENT for table `insured_person_entity`
--
ALTER TABLE `insured_person_entity`
  MODIFY `id` bigint(20) NOT NULL AUTO_INCREMENT, AUTO_INCREMENT=13;

--
-- AUTO_INCREMENT for table `user_entity`
--
ALTER TABLE `user_entity`
  MODIFY `user_id` bigint(20) NOT NULL AUTO_INCREMENT, AUTO_INCREMENT=5;

--
-- Constraints for dumped tables
--

--
-- Constraints for table `event_entity`
--
ALTER TABLE `event_entity`
  ADD CONSTRAINT `FK3m7tggjp1idedead27qfgm7x3` FOREIGN KEY (`insurance_id`) REFERENCES `insurance_entity` (`id`);

--
-- Constraints for table `insurance_entity`
--
ALTER TABLE `insurance_entity`
  ADD CONSTRAINT `FKe05enplpsvdu63sb2nferidss` FOREIGN KEY (`policy_holder_id`) REFERENCES `insured_person_entity` (`id`),
  ADD CONSTRAINT `FKnaytb8gynrnxanwpdsgxbjucm` FOREIGN KEY (`insured_person_id`) REFERENCES `insured_person_entity` (`id`);
COMMIT;

/*!40101 SET CHARACTER_SET_CLIENT=@OLD_CHARACTER_SET_CLIENT */;
/*!40101 SET CHARACTER_SET_RESULTS=@OLD_CHARACTER_SET_RESULTS */;
/*!40101 SET COLLATION_CONNECTION=@OLD_COLLATION_CONNECTION */;
